angelfish	sha256:e0317f51e23f457304ad4b49408f2250ca04971f90f3b7465af7c9b37ce30246	1170063317
angelfish	sha256:e65e723bdf2574f062b2782ca678eedcfeb4d112446ffedad9c90cad189948b1	725
angelfish	sha256:a7a4999d6f77c16447960d2fdde64dae736ac5bf97c736cf86eb305ae5cdd4dc	14121
angelfish	sha256:ce463ef4bb82ef392c43b183d4ef9fe4982a2730dfb6a431706cf115da84ed10	14105
angelfish	sha256:d9c7a1b216514701931e750cdebdd7c58589777b85ae4cddcffc6c48a5fd4f42	1273
angelfish	sha256:58d7799a421639495f84d27b779a84eacaea0d0e1a1531b665c28756d22bc552	539230796
angelfish	sha256:2df973eb60ad6207dd09b2d8787fb443960651eae9e3e349833bd450dc3267a9	310450298
angelfish	sha256:ddb9d625aac7ad34961c03141a1ffc27a8c182406be435becd5c433c6ffd4668	74806272
angelfish	sha256:5ffbfbda1e597b0f8e41c3183e8598b91cf3181b604e9c4bc435452d90a59c4f	334646831
angelfish	sha256:23b991fe048f8f3f9f378f36570963ace7d68de1b4ac828c1afb2417697997a4	468
angelfish	sha256:e18e80457d2999a3b42674eeb46ecf40e99be0409c6063030d0ad1107ce870be	149
angelfish	sha256:650e4639bcb1d8ae17d6a16efe8069cb90c0223b06f3ac0abe943d3a7c64c780	3741
audacity	sha256:e0317f51e23f457304ad4b49408f2250ca04971f90f3b7465af7c9b37ce30246	1170063317
audacity	sha256:e65e723bdf2574f062b2782ca678eedcfeb4d112446ffedad9c90cad189948b1	725
audacity	sha256:a7a4999d6f77c16447960d2fdde64dae736ac5bf97c736cf86eb305ae5cdd4dc	14121
audacity	sha256:ce463ef4bb82ef392c43b183d4ef9fe4982a2730dfb6a431706cf115da84ed10	14105
audacity	sha256:d9c7a1b216514701931e750cdebdd7c58589777b85ae4cddcffc6c48a5fd4f42	1273
audacity	sha256:58d7799a421639495f84d27b779a84eacaea0d0e1a1531b665c28756d22bc552	539230796
audacity	sha256:2df973eb60ad6207dd09b2d8787fb443960651eae9e3e349833bd450dc3267a9	310450298
audacity	sha256:ddb9d625aac7ad34961c03141a1ffc27a8c182406be435becd5c433c6ffd4668	74806272
audacity	sha256:6ecf4499526c637819195ee57f3b03c34a570a5f8860df9244095d74e660b411	147876710
audacity	sha256:7bf354ac4aef1ab5b49c5e7143157836664f53de7e0f4bb50b2386029e4b0377	469
audacity	sha256:e18e80457d2999a3b42674eeb46ecf40e99be0409c6063030d0ad1107ce870be	149
audacity	sha256:3b5ddc5d8402aabf7fcda4226f41c37d385ef50b557fa975f79deccaac61cc19	2120
blender	sha256:e0317f51e23f457304ad4b49408f2250ca04971f90f3b7465af7c9b37ce30246	1170063317
blender	sha256:e65e723bdf2574f062b2782ca678eedcfeb4d112446ffedad9c90cad189948b1	725
blender	sha256:a7a4999d6f77c16447960d2fdde64dae736ac5bf97c736cf86eb305ae5cdd4dc	14121
blender	sha256:ce463ef4bb82ef392c43b183d4ef9fe4982a2730dfb6a431706cf115da84ed10	14105
blender	sha256:d9c7a1b216514701931e750cdebdd7c58589777b85ae4cddcffc6c48a5fd4f42	1273
blender	sha256:58d7799a421639495f84d27b779a84eacaea0d0e1a1531b665c28756d22bc552	539230796
blender	sha256:2df973eb60ad6207dd09b2d8787fb443960651eae9e3e349833bd450dc3267a9	310450298
blender	sha256:ddb9d625aac7ad34961c03141a1ffc27a8c182406be435becd5c433c6ffd4668	74806272
blender	sha256:0b3c0e6babf80ef4410d9fbe83f984179264a5bb3c6e44c36bfec6218cc0fc67	603361926
blender	sha256:a16aa1a143e88a2690e6c519292dd26f6bdf119e834d49ffdc17920089e88ae9	471
blender	sha256:e18e80457d2999a3b42674eeb46ecf40e99be0409c6063030d0ad1107ce870be	149
blender	sha256:2e5b44ddaf986d5bd46276302c2ca89a560f9465ad2cfaf59bbfc7be0a320f86	2958
brave	sha256:e0317f51e23f457304ad4b49408f2250ca04971f90f3b7465af7c9b37ce30246	1170063317
brave	sha256:e65e723bdf2574f062b2782ca678eedcfeb4d112446ffedad9c90cad189948b1	725
brave	sha256:a7a4999d6f77c16447960d2fdde64dae736ac5bf97c736cf86eb305ae5cdd4dc	14121
brave	sha256:ce463ef4bb82ef392c43b183d4ef9fe4982a2730dfb6a431706cf115da84ed10	14105
brave	sha256:d9c7a1b216514701931e750cdebdd7c58589777b85ae4cddcffc6c48a5fd4f42	1273
brave	sha256:58d7799a421639495f84d27b779a84eacaea0d0e1a1531b665c28756d22bc552	539230796
brave	sha256:ddb9d625aac7ad34961c03141a1ffc27a8c182406be435becd5c433c6ffd4668	74806272
brave	sha256:a740151a16c4613bb85aeef9828645bd6e0ec0e4f72576ce3ccdea513c3e6b96	689020559
brave	sha256:983a020a43d91fcb8fb5512537d145a5d9069629aa74eeeac5990c54f621abbd	498
brave	sha256:e18e80457d2999a3b42674eeb46ecf40e99be0409c6063030d0ad1107ce870be	149
brave	sha256:9fbe68b56f2f2979a691a7ddb9f11828c82f1b9a82d780db378ab39d7e04deb4	2108
chrome	sha256:e0317f51e23f457304ad4b49408f2250ca04971f90f3b7465af7c9b37ce30246	1170063317
chrome	sha256:e65e723bdf2574f062b2782ca678eedcfeb4d112446ffedad9c90cad189948b1	725
chrome	sha256:a7a4999d6f77c16447960d2fdde64dae736ac5bf97c736cf86eb305ae5cdd4dc	14121
chrome	sha256:ce463ef4bb82ef392c43b183d4ef9fe4982a2730dfb6a431706cf115da84ed10	14105
chrome	sha256:d9c7a1b216514701931e750cdebdd7c58589777b85ae4cddcffc6c48a5fd4f42	1273
chrome	sha256:58d7799a421639495f84d27b779a84eacaea0d0e1a1531b665c28756d22bc552	539230796
chrome	sha256:7244afa2d27783049ea39fc96fc9c4cc371fc8e4a47059097f4733c5b25fd406	668608094
chrome	sha256:eea68f98b5acbc82c3b607df76ad310404a04753c953c98b2444ee9d563109cf	495
chrome	sha256:e18e80457d2999a3b42674eeb46ecf40e99be0409c6063030d0ad1107ce870be	149
chrome	sha256:06bde28ba550ea1e7c274d0239710b4aacc3cf509416cb7194e3c1f606b800cd	3192
chromium	sha256:e0317f51e23f457304ad4b49408f2250ca04971f90f3b7465af7c9b37ce30246	1170063317
chromium	sha256:e65e723bdf2574f062b2782ca678eedcfeb4d112446ffedad9c90cad189948b1	725
chromium	sha256:a7a4999d6f77c16447960d2fdde64dae736ac5bf97c736cf86eb305ae5cdd4dc	14121
chromium	sha256:ce463ef4bb82ef392c43b183d4ef9fe4982a2730dfb6a431706cf115da84ed10	14105
chromium	sha256:d9c7a1b216514701931e750cdebdd7c58589777b85ae4cddcffc6c48a5fd4f42	1273
chromium	sha256:58d7799a421639495f84d27b779a84eacaea0d0e1a1531b665c28756d22bc552	539230796
chromium	sha256:a5f960a476c6358e603f1fa9ea9d0a9c13f611f7851450dc1a8a6444c5917ca4	681672258
chromium	sha256:ec4242bef194d53c7a4d119b14ba9e48fb614517912aef69c265769cfaf93432	497
chromium	sha256:e18e80457d2999a3b42674eeb46ecf40e99be0409c6063030d0ad1107ce870be	149
chromium	sha256:c0f9840e3fb7e34032327d761ed8e8b2e3a9b37f8c6b82501c12c2efb52a9658	2110
deluge	sha256:e0317f51e23f457304ad4b49408f2250ca04971f90f3b7465af7c9b37ce30246	1170063317
deluge	sha256:e65e723bdf2574f062b2782ca678eedcfeb4d112446ffedad9c90cad189948b1	725
deluge	sha256:a7a4999d6f77c16447960d2fdde64dae736ac5bf97c736cf86eb305ae5cdd4dc	14121
deluge	sha256:ce463ef4bb82ef392c43b183d4ef9fe4982a2730dfb6a431706cf115da84ed10	14105
deluge	sha256:d9c7a1b216514701931e750cdebdd7c58589777b85ae4cddcffc6c48a5fd4f42	1273
deluge	sha256:58d7799a421639495f84d27b779a84eacaea0d0e1a1531b665c28756d22bc552	539230796
deluge	sha256:2df973eb60ad6207dd09b2d8787fb443960651eae9e3e349833bd450dc3267a9	310450298
deluge	sha256:ddb9d625aac7ad34961c03141a1ffc27a8c182406be435becd5c433c6ffd4668	74806272
deluge	sha256:612a6f52990f8f8c3c88e94486f48c03dd3dfe31817735f477f079fc3f1eed95	60860502
deluge	sha256:5ddfb4b34fb2f735913fc5269845c9d44578c33a91275921be81adcf3cf0dc13	470
deluge	sha256:e18e80457d2999a3b42674eeb46ecf40e99be0409c6063030d0ad1107ce870be	149
deluge	sha256:df90d616d1803d2fb14c0ab8625793ab08c63a1e151d20f8b7b5e67c852e5fd3	2121
discord	sha256:e0317f51e23f457304ad4b49408f2250ca04971f90f3b7465af7c9b37ce30246	1170063317
discord	sha256:e65e723bdf2574f062b2782ca678eedcfeb4d112446ffedad9c90cad189948b1	725
discord	sha256:a7a4999d6f77c16447960d2fdde64dae736ac5bf97c736cf86eb305ae5cdd4dc	14121
discord	sha256:ce463ef4bb82ef392c43b183d4ef9fe4982a2730dfb6a431706cf115da84ed10	14105
discord	sha256:d9c7a1b216514701931e750cdebdd7c58589777b85ae4cddcffc6c48a5fd4f42	1273
discord	sha256:58d7799a421639495f84d27b779a84eacaea0d0e1a1531b665c28756d22bc552	539230796
discord	sha256:2df973eb60ad6207dd09b2d8787fb443960651eae9e3e349833bd450dc3267a9	310450298
discord	sha256:ddb9d625aac7ad34961c03141a1ffc27a8c182406be435becd5c433c6ffd4668	74806272
discord	sha256:118e1ccde9e89f08966fd89aa8ee2be454f19559bb091f69c7538fbd61539580	114196617
discord	sha256:893817538cec53ca20cfbd21c605b6488388e38160d27004aac8e6d471187d5b	471
discord	sha256:e18e80457d2999a3b42674eeb46ecf40e99be0409c6063030d0ad1107ce870be	149
discord	sha256:249a08dacf4bd8deb4ada00fc1e364f055bbce54ea2627df40a30653f0b3620c	2129
edge	sha256:e0317f51e23f457304ad4b49408f2250ca04971f90f3b7465af7c9b37ce30246	1170063317
edge	sha256:e65e723bdf2574f062b2782ca678eedcfeb4d112446ffedad9c90cad189948b1	725
edge	sha256:a7a4999d6f77c16447960d2fdde64dae736ac5bf97c736cf86eb305ae5cdd4dc	14121
edge	sha256:ce463ef4bb82ef392c43b183d4ef9fe4982a2730dfb6a431706cf115da84ed10	14105
edge	sha256:d9c7a1b216514701931e750cdebdd7c58589777b85ae4cddcffc6c48a5fd4f42	1273
edge	sha256:58d7799a421639495f84d27b779a84eacaea0d0e1a1531b665c28756d22bc552	539230796
edge	sha256:ddb9d625aac7ad34961c03141a1ffc27a8c182406be435becd5c433c6ffd4668	74806272
edge	sha256:49cb5f3efec1aac50bae4ac3d05e1d17b4ea0e6a2b1703014ac61531649b04d5	828506603
edge	sha256:0ad690965bbadc179de6c4ad5c8e14d0433cff924322414cb54b1833d6256230	493
edge	sha256:e18e80457d2999a3b42674eeb46ecf40e99be0409c6063030d0ad1107ce870be	149
edge	sha256:dc8ab7d8b055933ce3974baa0779df7deceea3b4e0c47184470a14e8ffa2f556	2111
filezilla	sha256:e0317f51e23f457304ad4b49408f2250ca04971f90f3b7465af7c9b37ce30246	1170063317
filezilla	sha256:e65e723bdf2574f062b2782ca678eedcfeb4d112446ffedad9c90cad189948b1	725
filezilla	sha256:a7a4999d6f77c16447960d2fdde64dae736ac5bf97c736cf86eb305ae5cdd4dc	14121
filezilla	sha256:ce463ef4bb82ef392c43b183d4ef9fe4982a2730dfb6a431706cf115da84ed10	14105
filezilla	sha256:d9c7a1b216514701931e750cdebdd7c58589777b85ae4cddcffc6c48a5fd4f42	1273
filezilla	sha256:58d7799a421639495f84d27b779a84eacaea0d0e1a1531b665c28756d22bc552	539230796
filezilla	sha256:2df973eb60ad6207dd09b2d8787fb443960651eae9e3e349833bd450dc3267a9	310450298
filezilla	sha256:ddb9d625aac7ad34961c03141a1ffc27a8c182406be435becd5c433c6ffd4668	74806272
filezilla	sha256:2d2a9b2935b0f10b88b02acb0eb879d06332aa7b15b8646bd88aaa1cbf221978	107759771
filezilla	sha256:22d6253e2192b3d39cdc40991608cfaf8d3ff239a182bb0a7baa35f2d8e4a424	466
filezilla	sha256:e18e80457d2999a3b42674eeb46ecf40e99be0409c6063030d0ad1107ce870be	149
filezilla	sha256:281acc3bf2ce46efe9358dbc378cf450c261c94bd948e0c144408eb783313fb0	2123
firefox	sha256:e0317f51e23f457304ad4b49408f2250ca04971f90f3b7465af7c9b37ce30246	1170063317
firefox	sha256:e65e723bdf2574f062b2782ca678eedcfeb4d112446ffedad9c90cad189948b1	725
firefox	sha256:a7a4999d6f77c16447960d2fdde64dae736ac5bf97c736cf86eb305ae5cdd4dc	14121
firefox	sha256:ce463ef4bb82ef392c43b183d4ef9fe4982a2730dfb6a431706cf115da84ed10	14105
firefox	sha256:d9c7a1b216514701931e750cdebdd7c58589777b85ae4cddcffc6c48a5fd4f42	1273
firefox	sha256:58d7799a421639495f84d27b779a84eacaea0d0e1a1531b665c28756d22bc552	539230796
firefox	sha256:7a3421063da4a646bf895931a827c71597abf3201a8886b0d43dcb7cdf4c3a2d	684702310
firefox	sha256:d914b85489be80c297271541935de5fa7f6702eab79757b449962281b6297624	498
firefox	sha256:e18e80457d2999a3b42674eeb46ecf40e99be0409c6063030d0ad1107ce870be	149
firefox	sha256:86e3d03cb4d9da09846428349523a4417522906e83542aa2cd583ffd66c51f95	2224
gimp	sha256:e0317f51e23f457304ad4b49408f2250ca04971f90f3b7465af7c9b37ce30246	1170063317
gimp	sha256:e65e723bdf2574f062b2782ca678eedcfeb4d112446ffedad9c90cad189948b1	725
gimp	sha256:a7a4999d6f77c16447960d2fdde64dae736ac5bf97c736cf86eb305ae5cdd4dc	14121
gimp	sha256:ce463ef4bb82ef392c43b183d4ef9fe4982a2730dfb6a431706cf115da84ed10	14105
gimp	sha256:d9c7a1b216514701931e750cdebdd7c58589777b85ae4cddcffc6c48a5fd4f42	1273
gimp	sha256:58d7799a421639495f84d27b779a84eacaea0d0e1a1531b665c28756d22bc552	539230796
gimp	sha256:2df973eb60ad6207dd09b2d8787fb443960651eae9e3e349833bd450dc3267a9	310450298
gimp	sha256:ddb9d625aac7ad34961c03141a1ffc27a8c182406be435becd5c433c6ffd4668	74806272
gimp	sha256:408739b933def1973d6c98487fdd88688aad84ae839edabe389f8b26f4c985a4	180837978
gimp	sha256:a01199271e494b89599952e0e3b84acc039989a526ae3c76b23adf226976d062	464
gimp	sha256:e18e80457d2999a3b42674eeb46ecf40e99be0409c6063030d0ad1107ce870be	149
gimp	sha256:69ff9e278eed841f02df2e3f9514bcd3adba7e8cd1bda11bcaa57901635f4241	2135
inkscape	sha256:e0317f51e23f457304ad4b49408f2250ca04971f90f3b7465af7c9b37ce30246	1170063317
inkscape	sha256:e65e723bdf2574f062b2782ca678eedcfeb4d112446ffedad9c90cad189948b1	725
inkscape	sha256:a7a4999d6f77c16447960d2fdde64dae736ac5bf97c736cf86eb305ae5cdd4dc	14121
inkscape	sha256:ce463ef4bb82ef392c43b183d4ef9fe4982a2730dfb6a431706cf115da84ed10	14105
inkscape	sha256:d9c7a1b216514701931e750cdebdd7c58589777b85ae4cddcffc6c48a5fd4f42	1273
inkscape	sha256:58d7799a421639495f84d27b779a84eacaea0d0e1a1531b665c28756d22bc552	539230796
inkscape	sha256:2df973eb60ad6207dd09b2d8787fb443960651eae9e3e349833bd450dc3267a9	310450298
inkscape	sha256:ddb9d625aac7ad34961c03141a1ffc27a8c182406be435becd5c433c6ffd4668	74806272
inkscape	sha256:943e72f3cd399f13c0fdb486426674f9bf117218c8105db6dd263c0538d0bd84	222469056
inkscape	sha256:e0f9e70f42b14537b3a116374a13d1aa7297e39a11d5825ea0d126b9446def5b	471
inkscape	sha256:e18e80457d2999a3b42674eeb46ecf40e99be0409c6063030d0ad1107ce870be	149
inkscape	sha256:0b018e223a639f08c743adc19776d9675709fc4958dc34f254edbe14438cade5	2119
insomnia	sha256:e0317f51e23f457304ad4b49408f2250ca04971f90f3b7465af7c9b37ce30246	1170063317
insomnia	sha256:e65e723bdf2574f062b2782ca678eedcfeb4d112446ffedad9c90cad189948b1	725
insomnia	sha256:a7a4999d6f77c16447960d2fdde64dae736ac5bf97c736cf86eb305ae5cdd4dc	14121
insomnia	sha256:ce463ef4bb82ef392c43b183d4ef9fe4982a2730dfb6a431706cf115da84ed10	14105
insomnia	sha256:d9c7a1b216514701931e750cdebdd7c58589777b85ae4cddcffc6c48a5fd4f42	1273
insomnia	sha256:58d7799a421639495f84d27b779a84eacaea0d0e1a1531b665c28756d22bc552	539230796
insomnia	sha256:2df973eb60ad6207dd09b2d8787fb443960651eae9e3e349833bd450dc3267a9	310450298
insomnia	sha256:ddb9d625aac7ad34961c03141a1ffc27a8c182406be435becd5c433c6ffd4668	74806272
insomnia	sha256:073922b28da28960ec3072943eee49d886c4edee27fca348e05983948a82ec00	340253764
insomnia	sha256:5274814e697667df389e29416be103a0d82e533399b2c7f1d9f2a3f8d5157aca	468
insomnia	sha256:e18e80457d2999a3b42674eeb46ecf40e99be0409c6063030d0ad1107ce870be	149
insomnia	sha256:58f1c8fdcefabc264ba124d633d9a5e4bc35dee9005162d8c1f0606f5f793fec	2128
libre-office	sha256:e0317f51e23f457304ad4b49408f2250ca04971f90f3b7465af7c9b37ce30246	1170063317
libre-office	sha256:e65e723bdf2574f062b2782ca678eedcfeb4d112446ffedad9c90cad189948b1	725
libre-office	sha256:a7a4999d6f77c16447960d2fdde64dae736ac5bf97c736cf86eb305ae5cdd4dc	14121
libre-office	sha256:ce463ef4bb82ef392c43b183d4ef9fe4982a2730dfb6a431706cf115da84ed10	14105
libre-office	sha256:d9c7a1b216514701931e750cdebdd7c58589777b85ae4cddcffc6c48a5fd4f42	1273
libre-office	sha256:58d7799a421639495f84d27b779a84eacaea0d0e1a1531b665c28756d22bc552	539230796
libre-office	sha256:2df973eb60ad6207dd09b2d8787fb443960651eae9e3e349833bd450dc3267a9	310450298
libre-office	sha256:ddb9d625aac7ad34961c03141a1ffc27a8c182406be435becd5c433c6ffd4668	74806272
libre-office	sha256:04a03275a6ee4743fc82a9aae0d4e4be8358a3200a21260d7e2e68af8b309890	639430928
libre-office	sha256:63c23c2bc8fc298740931ed924861c471a43ca5224ee6aec520f8b6f8f9f8d60	473
libre-office	sha256:e18e80457d2999a3b42674eeb46ecf40e99be0409c6063030d0ad1107ce870be	149
libre-office	sha256:76f5eed36b8d2976cd4210e7caf16a95f62c1673c5ec143e34e3dc1c1281ddde	2160
minetest	sha256:e0317f51e23f457304ad4b49408f2250ca04971f90f3b7465af7c9b37ce30246	1170063317
minetest	sha256:e65e723bdf2574f062b2782ca678eedcfeb4d112446ffedad9c90cad189948b1	725
minetest	sha256:a7a4999d6f77c16447960d2fdde64dae736ac5bf97c736cf86eb305ae5cdd4dc	14121
minetest	sha256:ce463ef4bb82ef392c43b183d4ef9fe4982a2730dfb6a431706cf115da84ed10	14105
minetest	sha256:d9c7a1b216514701931e750cdebdd7c58589777b85ae4cddcffc6c48a5fd4f42	1273
minetest	sha256:58d7799a421639495f84d27b779a84eacaea0d0e1a1531b665c28756d22bc552	539230796
minetest	sha256:2df973eb60ad6207dd09b2d8787fb443960651eae9e3e349833bd450dc3267a9	310450298
minetest	sha256:ddb9d625aac7ad34961c03141a1ffc27a8c182406be435becd5c433c6ffd4668	74806272
minetest	sha256:68605fa5bda40cd65fe7c9271baaf522bc952df1bdd580c537d9c8cad75cceb7	17401213
minetest	sha256:a1a00b050a9b779c787522a7a048ccc98539a864f5bd842bf69b0910a4d10a84	469
minetest	sha256:e18e80457d2999a3b42674eeb46ecf40e99be0409c6063030d0ad1107ce870be	149
minetest	sha256:9646c803c1aa8ddb9a6906263acecc3c1a3b16d07f88adac617fd768f5db3fac	2142
obsidian	sha256:e0317f51e23f457304ad4b49408f2250ca04971f90f3b7465af7c9b37ce30246	1170063317
obsidian	sha256:e65e723bdf2574f062b2782ca678eedcfeb4d112446ffedad9c90cad189948b1	725
obsidian	sha256:a7a4999d6f77c16447960d2fdde64dae736ac5bf97c736cf86eb305ae5cdd4dc	14121
obsidian	sha256:ce463ef4bb82ef392c43b183d4ef9fe4982a2730dfb6a431706cf115da84ed10	14105
obsidian	sha256:d9c7a1b216514701931e750cdebdd7c58589777b85ae4cddcffc6c48a5fd4f42	1273
obsidian	sha256:58d7799a421639495f84d27b779a84eacaea0d0e1a1531b665c28756d22bc552	539230796
obsidian	sha256:2df973eb60ad6207dd09b2d8787fb443960651eae9e3e349833bd450dc3267a9	310450298
obsidian	sha256:ddb9d625aac7ad34961c03141a1ffc27a8c182406be435becd5c433c6ffd4668	74806272
obsidian	sha256:31eab5fb6b585fda345967c9a9f4c04fc1d3d00799ed4da5cd41eb4160b9740c	8908658
obsidian	sha256:4b34e0830ab05441925e5ad4b889b29ffed343c38333ca1135e7a729be42e08f	469
obsidian	sha256:e18e80457d2999a3b42674eeb46ecf40e99be0409c6063030d0ad1107ce870be	149
obsidian	sha256:3ea552443d9f7ebe6c7d050bd3f14640b3eae9a997cd65542d6fab0e3c168722	2120
only-office	sha256:e0317f51e23f457304ad4b49408f2250ca04971f90f3b7465af7c9b37ce30246	1170063317
only-office	sha256:e65e723bdf2574f062b2782ca678eedcfeb4d112446ffedad9c90cad189948b1	725
only-office	sha256:a7a4999d6f77c16447960d2fdde64dae736ac5bf97c736cf86eb305ae5cdd4dc	14121
only-office	sha256:ce463ef4bb82ef392c43b183d4ef9fe4982a2730dfb6a431706cf115da84ed10	14105
only-office	sha256:d9c7a1b216514701931e750cdebdd7c58589777b85ae4cddcffc6c48a5fd4f42	1273
only-office	sha256:58d7799a421639495f84d27b779a84eacaea0d0e1a1531b665c28756d22bc552	539230796
only-office	sha256:a2f09d70325e4b1880fe0ba108c46408a75574b93b493b63183514d460be6403	868257441
only-office	sha256:753e821273d933b904925d355192608e07c9f7545975ec741b5a1a1e51e4736b	498
only-office	sha256:e18e80457d2999a3b42674eeb46ecf40e99be0409c6063030d0ad1107ce870be	149
only-office	sha256:715be162139a15aebb91e7f7e8aa6ec1976c9a7c5ebf3dcc70b048a8d841227a	3730
pinta	sha256:e0317f51e23f457304ad4b49408f2250ca04971f90f3b7465af7c9b37ce30246	1170063317
pinta	sha256:e65e723bdf2574f062b2782ca678eedcfeb4d112446ffedad9c90cad189948b1	725
pinta	sha256:a7a4999d6f77c16447960d2fdde64dae736ac5bf97c736cf86eb305ae5cdd4dc	14121
pinta	sha256:ce463ef4bb82ef392c43b183d4ef9fe4982a2730dfb6a431706cf115da84ed10	14105
pinta	sha256:d9c7a1b216514701931e750cdebdd7c58589777b85ae4cddcffc6c48a5fd4f42	1273
pinta	sha256:58d7799a421639495f84d27b779a84eacaea0d0e1a1531b665c28756d22bc552	539230796
pinta	sha256:2df973eb60ad6207dd09b2d8787fb443960651eae9e3e349833bd450dc3267a9	310450298
pinta	sha256:ddb9d625aac7ad34961c03141a1ffc27a8c182406be435becd5c433c6ffd4668	74806272
pinta	sha256:69ebd65b72670fb74aa45c3c60d1bfc1bbab6c6dcf2bfbe89b33fbf5e435b01a	45774161
pinta	sha256:48ce0ae1f78b50ab3b9acfaf968dcfe929be8bf5cf70c4abc7f10554d5d9448a	469
pinta	sha256:e18e80457d2999a3b42674eeb46ecf40e99be0409c6063030d0ad1107ce870be	149
pinta	sha256:177bf26b40bcd2f9f00525b572775dfdc1a1d8f0d65bcb083f9b8cbe8b94d8e4	2116
postman	sha256:e0317f51e23f457304ad4b49408f2250ca04971f90f3b7465af7c9b37ce30246	1170063317
postman	sha256:e65e723bdf2574f062b2782ca678eedcfeb4d112446ffedad9c90cad189948b1	725
postman	sha256:a7a4999d6f77c16447960d2fdde64dae736ac5bf97c736cf86eb305ae5cdd4dc	14121
postman	sha256:ce463ef4bb82ef392c43b183d4ef9fe4982a2730dfb6a431706cf115da84ed10	14105
postman	sha256:d9c7a1b216514701931e750cdebdd7c58589777b85ae4cddcffc6c48a5fd4f42	1273
postman	sha256:58d7799a421639495f84d27b779a84eacaea0d0e1a1531b665c28756d22bc552	539230796
postman	sha256:2df973eb60ad6207dd09b2d8787fb443960651eae9e3e349833bd450dc3267a9	310450298
postman	sha256:ddb9d625aac7ad34961c03141a1ffc27a8c182406be435becd5c433c6ffd4668	74806272
postman	sha256:352df008abb66a4ca6abf985d10fe6f8c59cd1e92cd04dafe4a9a0a730aa2f46	144326157
postman	sha256:d6946f90f6d7523ef21314a3f6a18925d4c8e795b2d5c4017d20ad8e5bc7f606	471
postman	sha256:e18e80457d2999a3b42674eeb46ecf40e99be0409c6063030d0ad1107ce870be	149
postman	sha256:26e739d6ae1dcee2cf8959ced222893f578c5ae14a252b5e19183bea407fc062	2120
qbittorrent	sha256:e0317f51e23f457304ad4b49408f2250ca04971f90f3b7465af7c9b37ce30246	1170063317
qbittorrent	sha256:e65e723bdf2574f062b2782ca678eedcfeb4d112446ffedad9c90cad189948b1	725
qbittorrent	sha256:a7a4999d6f77c16447960d2fdde64dae736ac5bf97c736cf86eb305ae5cdd4dc	14121
qbittorrent	sha256:ce463ef4bb82ef392c43b183d4ef9fe4982a2730dfb6a431706cf115da84ed10	14105
qbittorrent	sha256:d9c7a1b216514701931e750cdebdd7c58589777b85ae4cddcffc6c48a5fd4f42	1273
qbittorrent	sha256:58d7799a421639495f84d27b779a84eacaea0d0e1a1531b665c28756d22bc552	539230796
qbittorrent	sha256:2df973eb60ad6207dd09b2d8787fb443960651eae9e3e349833bd450dc3267a9	310450298
qbittorrent	sha256:ddb9d625aac7ad34961c03141a1ffc27a8c182406be435becd5c433c6ffd4668	74806272
qbittorrent	sha256:5ecf90b939db5b9bfb4bcd5644519ddfaa7da41cbdac4f591cafa4eb15c628a7	22581124
qbittorrent	sha256:8a2053852e08d0adcb5c00a341fa0d68790ac1b1c4e52c77159bfd22672b6665	472
qbittorrent	sha256:e18e80457d2999a3b42674eeb46ecf40e99be0409c6063030d0ad1107ce870be	149
qbittorrent	sha256:2a80959f3644c6919e092e618f3ccbfeb8fe3558366e54af2083272c5dea79f1	2122
remmina	sha256:e0317f51e23f457304ad4b49408f2250ca04971f90f3b7465af7c9b37ce30246	1170063317
remmina	sha256:e65e723bdf2574f062b2782ca678eedcfeb4d112446ffedad9c90cad189948b1	725
remmina	sha256:a7a4999d6f77c16447960d2fdde64dae736ac5bf97c736cf86eb305ae5cdd4dc	14121
remmina	sha256:ce463ef4bb82ef392c43b183d4ef9fe4982a2730dfb6a431706cf115da84ed10	14105
remmina	sha256:d9c7a1b216514701931e750cdebdd7c58589777b85ae4cddcffc6c48a5fd4f42	1273
remmina	sha256:58d7799a421639495f84d27b779a84eacaea0d0e1a1531b665c28756d22bc552	539230796
remmina	sha256:2df973eb60ad6207dd09b2d8787fb443960651eae9e3e349833bd450dc3267a9	310450298
remmina	sha256:ddb9d625aac7ad34961c03141a1ffc27a8c182406be435becd5c433c6ffd4668	74806272
remmina	sha256:6402857fff7aa6047cc0638da4d2a8a4966d51ae5b4975eae8d36c90c96cf926	97383042
remmina	sha256:960ac601f084e01aa90f3c6efde48782dca32798a2ed6e199f6a04a39acb2931	468
remmina	sha256:e18e80457d2999a3b42674eeb46ecf40e99be0409c6063030d0ad1107ce870be	149
remmina	sha256:3297da3ef15d4b5eb9e1d4ae0a589a6132c82e80eb6eb8f67a5903e44eee1440	2240
retroarch	sha256:e0317f51e23f457304ad4b49408f2250ca04971f90f3b7465af7c9b37ce30246	1170063317
retroarch	sha256:e65e723bdf2574f062b2782ca678eedcfeb4d112446ffedad9c90cad189948b1	725
retroarch	sha256:a7a4999d6f77c16447960d2fdde64dae736ac5bf97c736cf86eb305ae5cdd4dc	14121
retroarch	sha256:ce463ef4bb82ef392c43b183d4ef9fe4982a2730dfb6a431706cf115da84ed10	14105
retroarch	sha256:d9c7a1b216514701931e750cdebdd7c58589777b85ae4cddcffc6c48a5fd4f42	1273
retroarch	sha256:58d7799a421639495f84d27b779a84eacaea0d0e1a1531b665c28756d22bc552	539230796
retroarch	sha256:2df973eb60ad6207dd09b2d8787fb443960651eae9e3e349833bd450dc3267a9	310450298
retroarch	sha256:ddb9d625aac7ad34961c03141a1ffc27a8c182406be435becd5c433c6ffd4668	74806272
retroarch	sha256:7b0c5cd3e170218b0aea49d5745d45732d41d081afb8d937216b4170488a204e	525972813
retroarch	sha256:8eb58619401a151fee8ae133f841582fdc4e7195c8cbecf7ea03c1df0a692133	466
retroarch	sha256:e18e80457d2999a3b42674eeb46ecf40e99be0409c6063030d0ad1107ce870be	149
retroarch	sha256:91b631f9683c6cb7feb94fe6c11fabee0ae4ed6ab00b5cc41bbf19f18914085c	2143
signal	sha256:e0317f51e23f457304ad4b49408f2250ca04971f90f3b7465af7c9b37ce30246	1170063317
signal	sha256:e65e723bdf2574f062b2782ca678eedcfeb4d112446ffedad9c90cad189948b1	725
signal	sha256:a7a4999d6f77c16447960d2fdde64dae736ac5bf97c736cf86eb305ae5cdd4dc	14121
signal	sha256:ce463ef4bb82ef392c43b183d4ef9fe4982a2730dfb6a431706cf115da84ed10	14105
signal	sha256:d9c7a1b216514701931e750cdebdd7c58589777b85ae4cddcffc6c48a5fd4f42	1273
signal	sha256:58d7799a421639495f84d27b779a84eacaea0d0e1a1531b665c28756d22bc552	539230796
signal	sha256:2df973eb60ad6207dd09b2d8787fb443960651eae9e3e349833bd450dc3267a9	310450298
signal	sha256:ddb9d625aac7ad34961c03141a1ffc27a8c182406be435becd5c433c6ffd4668	74806272
signal	sha256:1c41e98e6183943cc7376dc451d5c5e674325bc5bbf2eb6f4dac5e6b3632d9b4	217730008
signal	sha256:ed04a816586d060f3860c21dc3db3f34707f07a0d697944d0609148caf97f1c8	471
signal	sha256:e18e80457d2999a3b42674eeb46ecf40e99be0409c6063030d0ad1107ce870be	149
signal	sha256:02f3b71fcc7b9115363bc9c34d7399fc1d84ddfbb44eac2e3386227df84f1c7f	2136
slack	sha256:e0317f51e23f457304ad4b49408f2250ca04971f90f3b7465af7c9b37ce30246	1170063317
slack	sha256:e65e723bdf2574f062b2782ca678eedcfeb4d112446ffedad9c90cad189948b1	725
slack	sha256:a7a4999d6f77c16447960d2fdde64dae736ac5bf97c736cf86eb305ae5cdd4dc	14121
slack	sha256:ce463ef4bb82ef392c43b183d4ef9fe4982a2730dfb6a431706cf115da84ed10	14105
slack	sha256:d9c7a1b216514701931e750cdebdd7c58589777b85ae4cddcffc6c48a5fd4f42	1273
slack	sha256:58d7799a421639495f84d27b779a84eacaea0d0e1a1531b665c28756d22bc552	539230796
slack	sha256:2df973eb60ad6207dd09b2d8787fb443960651eae9e3e349833bd450dc3267a9	310450298
slack	sha256:ddb9d625aac7ad34961c03141a1ffc27a8c182406be435becd5c433c6ffd4668	74806272
slack	sha256:efa80a7da1cd7837acd51196bbc032567d29ca0c45e37adaffd9636ba2d5430a	148609619
slack	sha256:10bb3ffc1106cfa227d43f15da30b8e92178e3b917c69d41751c5bd83f3f9713	469
slack	sha256:e18e80457d2999a3b42674eeb46ecf40e99be0409c6063030d0ad1107ce870be	149
slack	sha256:39cceb69e718c2f7dfe61c95194f73323967074f01273ee1c900e4413d677151	2127
steam	sha256:e0317f51e23f457304ad4b49408f2250ca04971f90f3b7465af7c9b37ce30246	1170063317
steam	sha256:e65e723bdf2574f062b2782ca678eedcfeb4d112446ffedad9c90cad189948b1	725
steam	sha256:a7a4999d6f77c16447960d2fdde64dae736ac5bf97c736cf86eb305ae5cdd4dc	14121
steam	sha256:ce463ef4bb82ef392c43b183d4ef9fe4982a2730dfb6a431706cf115da84ed10	14105
steam	sha256:d9c7a1b216514701931e750cdebdd7c58589777b85ae4cddcffc6c48a5fd4f42	1273
steam	sha256:58d7799a421639495f84d27b779a84eacaea0d0e1a1531b665c28756d22bc552	539230796
steam	sha256:2df973eb60ad6207dd09b2d8787fb443960651eae9e3e349833bd450dc3267a9	310450298
steam	sha256:ddb9d625aac7ad34961c03141a1ffc27a8c182406be435becd5c433c6ffd4668	74806272
steam	sha256:b9399b08fea9c8213b35ed0cd00576da7d104166dfaa0e0641e5338c4e675fb9	307882280
steam	sha256:647b29a45d96e2e4f3b7df06ace2c3f9315e9fcace95be4ec668f87bb0678628	469
steam	sha256:e18e80457d2999a3b42674eeb46ecf40e99be0409c6063030d0ad1107ce870be	149
steam	sha256:1cf63e36b446e25974818f85e9277687520c5deecd1beff400588aa50f823b8f	2176
sublime-text	sha256:e0317f51e23f457304ad4b49408f2250ca04971f90f3b7465af7c9b37ce30246	1170063317
sublime-text	sha256:e65e723bdf2574f062b2782ca678eedcfeb4d112446ffedad9c90cad189948b1	725
sublime-text	sha256:a7a4999d6f77c16447960d2fdde64dae736ac5bf97c736cf86eb305ae5cdd4dc	14121
sublime-text	sha256:ce463ef4bb82ef392c43b183d4ef9fe4982a2730dfb6a431706cf115da84ed10	14105
sublime-text	sha256:d9c7a1b216514701931e750cdebdd7c58589777b85ae4cddcffc6c48a5fd4f42	1273
sublime-text	sha256:58d7799a421639495f84d27b779a84eacaea0d0e1a1531b665c28756d22bc552	539230796
sublime-text	sha256:2df973eb60ad6207dd09b2d8787fb443960651eae9e3e349833bd450dc3267a9	310450298
sublime-text	sha256:b18d0728a0b9c72803d9cb38a59975135cd800c2545a372ad49820333a098b25	96993920
sublime-text	sha256:ebb879a0d40df45f736aec5508c8730e3b86678227b333413e425a1272d335f0	474
sublime-text	sha256:e18e80457d2999a3b42674eeb46ecf40e99be0409c6063030d0ad1107ce870be	149
sublime-text	sha256:768a3608d1675cb7724954854ba696915f1ee69918c22c5ce0c6ec08fe12250c	2127
super-tux-kart	sha256:e0317f51e23f457304ad4b49408f2250ca04971f90f3b7465af7c9b37ce30246	1170063317
super-tux-kart	sha256:e65e723bdf2574f062b2782ca678eedcfeb4d112446ffedad9c90cad189948b1	725
super-tux-kart	sha256:a7a4999d6f77c16447960d2fdde64dae736ac5bf97c736cf86eb305ae5cdd4dc	14121
super-tux-kart	sha256:ce463ef4bb82ef392c43b183d4ef9fe4982a2730dfb6a431706cf115da84ed10	14105
super-tux-kart	sha256:d9c7a1b216514701931e750cdebdd7c58589777b85ae4cddcffc6c48a5fd4f42	1273
super-tux-kart	sha256:58d7799a421639495f84d27b779a84eacaea0d0e1a1531b665c28756d22bc552	539230796
super-tux-kart	sha256:2df973eb60ad6207dd09b2d8787fb443960651eae9e3e349833bd450dc3267a9	310450298
super-tux-kart	sha256:ddb9d625aac7ad34961c03141a1ffc27a8c182406be435becd5c433c6ffd4668	74806272
super-tux-kart	sha256:c0cd447602f7efe4b3cce4618e6e1d73547a164b8c8666ad8953e84d51b66f75	715368436
super-tux-kart	sha256:2591ac7b03361bba2ac71079e09f337eb3561893d90f2e056c63cb4b352dde6c	474
super-tux-kart	sha256:e18e80457d2999a3b42674eeb46ecf40e99be0409c6063030d0ad1107ce870be	149
super-tux-kart	sha256:e649766950bc0134e1a5de030292554e2cf03ced92961bbaf6aef1bc611f655c	2254
teams	sha256:e0317f51e23f457304ad4b49408f2250ca04971f90f3b7465af7c9b37ce30246	1170063317
teams	sha256:e65e723bdf2574f062b2782ca678eedcfeb4d112446ffedad9c90cad189948b1	725
teams	sha256:a7a4999d6f77c16447960d2fdde64dae736ac5bf97c736cf86eb305ae5cdd4dc	14121
teams	sha256:ce463ef4bb82ef392c43b183d4ef9fe4982a2730dfb6a431706cf115da84ed10	14105
teams	sha256:d9c7a1b216514701931e750cdebdd7c58589777b85ae4cddcffc6c48a5fd4f42	1273
teams	sha256:58d7799a421639495f84d27b779a84eacaea0d0e1a1531b665c28756d22bc552	539230796
teams	sha256:2df973eb60ad6207dd09b2d8787fb443960651eae9e3e349833bd450dc3267a9	310450298
teams	sha256:ddb9d625aac7ad34961c03141a1ffc27a8c182406be435becd5c433c6ffd4668	74806272
teams	sha256:b4f47d7836d4b0d4a3cf58b7e8919d8c7c085ba8ddbca9eabfd781b896d62e31	200490643
teams	sha256:b2536975d591137f2c67c6cdc3c04fd95ce547e6c24f65c5ea35a99022a66445	468
teams	sha256:e18e80457d2999a3b42674eeb46ecf40e99be0409c6063030d0ad1107ce870be	149
teams	sha256:fa44f4edbce6b3dc231c9bca35fcaebdbe9a8b1d2eacec7334946baa24a41b5d	2126
thunderbird	sha256:e0317f51e23f457304ad4b49408f2250ca04971f90f3b7465af7c9b37ce30246	1170063317
thunderbird	sha256:e65e723bdf2574f062b2782ca678eedcfeb4d112446ffedad9c90cad189948b1	725
thunderbird	sha256:a7a4999d6f77c16447960d2fdde64dae736ac5bf97c736cf86eb305ae5cdd4dc	14121
thunderbird	sha256:ce463ef4bb82ef392c43b183d4ef9fe4982a2730dfb6a431706cf115da84ed10	14105
thunderbird	sha256:d9c7a1b216514701931e750cdebdd7c58589777b85ae4cddcffc6c48a5fd4f42	1273
thunderbird	sha256:58d7799a421639495f84d27b779a84eacaea0d0e1a1531b665c28756d22bc552	539230796
thunderbird	sha256:2df973eb60ad6207dd09b2d8787fb443960651eae9e3e349833bd450dc3267a9	310450298
thunderbird	sha256:ddb9d625aac7ad34961c03141a1ffc27a8c182406be435becd5c433c6ffd4668	74806272
thunderbird	sha256:eddb65f21cb5729f929710e66af554cdad02b25323b1673214c2b50656be6eb3	202185907
thunderbird	sha256:7fbcf057d478eb93dec1f885127c57da0061483d4cf07bb3a0655c8e3d33f347	474
thunderbird	sha256:e18e80457d2999a3b42674eeb46ecf40e99be0409c6063030d0ad1107ce870be	149
thunderbird	sha256:c6de660988a9f2ad436bd1641ab9ccc1d950d2f68d0fb2fdd3bf9bda71890e75	2127
tor-browser	sha256:e0317f51e23f457304ad4b49408f2250ca04971f90f3b7465af7c9b37ce30246	1170063317
tor-browser	sha256:e65e723bdf2574f062b2782ca678eedcfeb4d112446ffedad9c90cad189948b1	725
tor-browser	sha256:a7a4999d6f77c16447960d2fdde64dae736ac5bf97c736cf86eb305ae5cdd4dc	14121
tor-browser	sha256:ce463ef4bb82ef392c43b183d4ef9fe4982a2730dfb6a431706cf115da84ed10	14105
tor-browser	sha256:d9c7a1b216514701931e750cdebdd7c58589777b85ae4cddcffc6c48a5fd4f42	1273
tor-browser	sha256:58d7799a421639495f84d27b779a84eacaea0d0e1a1531b665c28756d22bc552	539230796
tor-browser	sha256:2df973eb60ad6207dd09b2d8787fb443960651eae9e3e349833bd450dc3267a9	310450298
tor-browser	sha256:ddb9d625aac7ad34961c03141a1ffc27a8c182406be435becd5c433c6ffd4668	74806272
tor-browser	sha256:f7b08b64dff1a17e9911ed4f8c2b259e40923ae405247394c06a2b984c22c1e4	213089609
tor-browser	sha256:451de2db1fc9274dffb4114c984145914c290ca7c2ca3eca432c962972715975	472
tor-browser	sha256:e18e80457d2999a3b42674eeb46ecf40e99be0409c6063030d0ad1107ce870be	149
tor-browser	sha256:870d47722403b2d93ebe784d19bc848138b79e9c388a63e7f0155f35744647d3	2160
vivaldi	sha256:e0317f51e23f457304ad4b49408f2250ca04971f90f3b7465af7c9b37ce30246	1170063317
vivaldi	sha256:e65e723bdf2574f062b2782ca678eedcfeb4d112446ffedad9c90cad189948b1	725
vivaldi	sha256:a7a4999d6f77c16447960d2fdde64dae736ac5bf97c736cf86eb305ae5cdd4dc	14121
vivaldi	sha256:ce463ef4bb82ef392c43b183d4ef9fe4982a2730dfb6a431706cf115da84ed10	14105
vivaldi	sha256:d9c7a1b216514701931e750cdebdd7c58589777b85ae4cddcffc6c48a5fd4f42	1273
vivaldi	sha256:58d7799a421639495f84d27b779a84eacaea0d0e1a1531b665c28756d22bc552	539230796
vivaldi	sha256:ddb9d625aac7ad34961c03141a1ffc27a8c182406be435becd5c433c6ffd4668	74806272
vivaldi	sha256:fa4ad5070d89eeeb5d49223a7c64461a9dab5d618eeb24c48de292f2fd3b66e6	605901775
vivaldi	sha256:ab5d6ae7007422d3ffb79663a876ca1c14c542ef5be584abc8a2e3d0bcec682c	498
vivaldi	sha256:e18e80457d2999a3b42674eeb46ecf40e99be0409c6063030d0ad1107ce870be	149
vivaldi	sha256:8b37a55fc79d942568ba4e11b3615f1f438e5c0a805c5636e8485caab6245a65	2110
vlc	sha256:e0317f51e23f457304ad4b49408f2250ca04971f90f3b7465af7c9b37ce30246	1170063317
vlc	sha256:e65e723bdf2574f062b2782ca678eedcfeb4d112446ffedad9c90cad189948b1	725
vlc	sha256:a7a4999d6f77c16447960d2fdde64dae736ac5bf97c736cf86eb305ae5cdd4dc	14121
vlc	sha256:ce463ef4bb82ef392c43b183d4ef9fe4982a2730dfb6a431706cf115da84ed10	14105
vlc	sha256:d9c7a1b216514701931e750cdebdd7c58589777b85ae4cddcffc6c48a5fd4f42	1273
vlc	sha256:58d7799a421639495f84d27b779a84eacaea0d0e1a1531b665c28756d22bc552	539230796
vlc	sha256:2df973eb60ad6207dd09b2d8787fb443960651eae9e3e349833bd450dc3267a9	310450298
vlc	sha256:ddb9d625aac7ad34961c03141a1ffc27a8c182406be435becd5c433c6ffd4668	74806272
vlc	sha256:e75554cb2cc3183bc2a0c7d372a90a75773dbba959e89a1c04a2f503fc3c7890	195449566
vlc	sha256:39b5b29b7efc7bb625b8342b42469728eeed77df986682f68f4195b87be684ff	466
vlc	sha256:e18e80457d2999a3b42674eeb46ecf40e99be0409c6063030d0ad1107ce870be	149
vlc	sha256:43277ca561fc89f4fcbfd39a74f1e4aad9754e3ed5aef334b7b83fff6f509c69	2148
vs-code	sha256:e0317f51e23f457304ad4b49408f2250ca04971f90f3b7465af7c9b37ce30246	1170063317
vs-code	sha256:e65e723bdf2574f062b2782ca678eedcfeb4d112446ffedad9c90cad189948b1	725
vs-code	sha256:a7a4999d6f77c16447960d2fdde64dae736ac5bf97c736cf86eb305ae5cdd4dc	14121
vs-code	sha256:ce463ef4bb82ef392c43b183d4ef9fe4982a2730dfb6a431706cf115da84ed10	14105
vs-code	sha256:d9c7a1b216514701931e750cdebdd7c58589777b85ae4cddcffc6c48a5fd4f42	1273
vs-code	sha256:58d7799a421639495f84d27b779a84eacaea0d0e1a1531b665c28756d22bc552	539230796
vs-code	sha256:2df973eb60ad6207dd09b2d8787fb443960651eae9e3e349833bd450dc3267a9	310450298
vs-code	sha256:ddb9d625aac7ad34961c03141a1ffc27a8c182406be435becd5c433c6ffd4668	74806272
vs-code	sha256:72f934db369c33696fdaf4ab6f2ab73384308ab7d8f4c2884e24baa560894177	167789517
vs-code	sha256:da33e0c864768c96ba547486c85bff34df33b6cee1bb55f16c250eba740ff65d	471
vs-code	sha256:e18e80457d2999a3b42674eeb46ecf40e99be0409c6063030d0ad1107ce870be	149
vs-code	sha256:03dbec60731fcda65f975fbb17a6ecef7bf8bcc6fe737889654dedb14efa995f	2136
zoom	sha256:e0317f51e23f457304ad4b49408f2250ca04971f90f3b7465af7c9b37ce30246	1170063317
zoom	sha256:e65e723bdf2574f062b2782ca678eedcfeb4d112446ffedad9c90cad189948b1	725
zoom	sha256:a7a4999d6f77c16447960d2fdde64dae736ac5bf97c736cf86eb305ae5cdd4dc	14121
zoom	sha256:ce463ef4bb82ef392c43b183d4ef9fe4982a2730dfb6a431706cf115da84ed10	14105
zoom	sha256:d9c7a1b216514701931e750cdebdd7c58589777b85ae4cddcffc6c48a5fd4f42	1273
zoom	sha256:58d7799a421639495f84d27b779a84eacaea0d0e1a1531b665c28756d22bc552	539230796
zoom	sha256:2df973eb60ad6207dd09b2d8787fb443960651eae9e3e349833bd450dc3267a9	310450298
zoom	sha256:ddb9d625aac7ad34961c03141a1ffc27a8c182406be435becd5c433c6ffd4668	74806272
zoom	sha256:f16ef878e0351e0a4f25ac12117b1509d7b9ea0501a97925c54dde3050491610	514869398
zoom	sha256:c776af47b5ede2234a4f4c46258a3de058d5644112aadda38d55258b3c701835	465
zoom	sha256:e18e80457d2999a3b42674eeb46ecf40e99be0409c6063030d0ad1107ce870be	149
zoom	sha256:599e78079bf5c9258b6e867735bb8f512a660c2b4cf17e2f5ebaabd473b91744	2117
